source_file,instrumented_lines,baseline_trial_00,baseline_trial_01,baseline_trial_02,baseline_trial_03,baseline_trial_04,baseline_trial_05,baseline_trial_06,baseline_trial_07,baseline_trial_08,baseline_trial_09,optimized_trial_00,optimized_trial_01,optimized_trial_02,optimized_trial_03,optimized_trial_04,optimized_trial_05,optimized_trial_06,optimized_trial_07,optimized_trial_08,optimized_trial_09,median_baseline,median_optimized,delta_pp
"ssl_tls.c",2948,24.695,24.864,24.864,38.399,38.365,25.136,24.864,24.864,24.864,24.864,24.695,24.864,24.864,38.569,38.738,24.864,24.695,24.864,24.864,24.864,24.864,24.864,+0.000
"psa_crypto.c",2898,0.000,0.000,0.000,0.000,0.000,0.000,0.000,0.000,0.000,0.000,0.000,0.000,0.000,0.000,0.000,0.000,0.000,0.000,0.000,0.000,0.000,0.000,+0.000
"ssl_msg.c",2622,48.436,49.352,48.207,59.039,59.039,48.589,48.207,49.504,48.436,48.207,48.551,48.551,49.619,67.315,67.086,49.428,48.551,48.207,49.619,48.207,48.513,48.989,+0.477
"ssl_tls12_server.c",1700,0.000,0.000,0.000,0.000,0.000,0.000,0.000,0.000,0.000,0.000,0.000,0.000,0.000,0.000,0.000,0.000,0.000,0.000,0.000,0.000,0.000,0.000,+0.000
"bignum.c",1610,50.186,50.062,50.062,62.981,63.665,50.062,50.186,50.062,50.062,50.186,50.062,50.062,50.062,63.665,62.981,50.062,50.062,50.062,50.062,50.186,50.124,50.062,-0.062
"x509_crt.c",1574,41.550,38.882,40.915,38.056,40.851,38.119,40.280,38.437,37.548,38.564,37.802,41.550,40.851,41.169,40.724,37.357,41.233,41.614,41.487,41.169,38.723,41.169,+2.446
"ssl_tls12_client.c",1538,60.208,58.192,60.143,66.710,67.620,62.094,57.607,59.363,58.322,58.127,58.062,58.127,59.168,69.441,67.555,57.802,59.363,60.728,58.192,59.493,59.753,59.265,-0.488
"ecp.c",1410,19.007,19.007,19.007,57.305,57.943,19.007,19.007,19.007,18.227,19.007,19.007,19.007,19.007,57.943,57.305,19.007,19.007,19.007,19.007,19.007,19.007,19.007,+0.000
"rsa.c",1250,19.120,19.120,19.120,22.480,22.480,19.120,19.120,19.120,19.120,19.120,19.120,19.120,19.120,22.480,22.480,19.120,19.120,19.120,19.120,19.120,19.120,19.120,+0.000
"aes.c",794,10.076,10.076,10.076,16.121,16.121,10.076,10.076,10.076,10.076,10.076,10.076,10.076,10.076,17.632,17.632,10.076,10.076,10.076,10.076,10.076,10.076,10.076,+0.000
"pkparse.c",783,19.029,19.029,19.029,19.029,19.029,19.029,19.029,19.029,19.029,19.029,19.029,19.029,19.029,19.029,19.029,19.029,19.029,19.029,19.029,19.029,19.029,19.029,+0.000
"cipher.c",721,1.942,1.942,1.942,40.915,40.499,1.942,1.942,1.942,1.942,1.942,1.942,1.942,1.942,47.295,47.295,1.942,1.942,1.942,1.942,1.942,1.942,1.942,+0.000
"x509.c",581,56.971,48.537,48.537,48.365,48.365,48.365,50.086,48.537,48.365,48.365,48.365,48.537,48.709,58.348,49.914,48.365,48.709,57.143,49.914,48.365,48.451,48.709,+0.258
"psa_exercise_key.c",534,0.000,0.000,0.000,0.000,0.000,0.000,0.000,0.000,0.000,0.000,0.000,0.000,0.000,0.000,0.000,0.000,0.000,0.000,0.000,0.000,0.000,0.000,+0.000
"psa_crypto_driver_wrappers.c",523,0.000,0.000,0.000,0.000,0.000,0.000,0.000,0.000,0.000,0.000,0.000,0.000,0.000,0.000,0.000,0.000,0.000,0.000,0.000,0.000,0.000,0.000,+0.000
"gcm.c",491,0.000,0.000,0.000,45.010,45.010,0.000,0.000,0.000,0.000,0.000,0.000,0.000,0.000,49.491,49.491,0.000,0.000,0.000,0.000,0.000,0.000,0.000,+0.000
"ecp_curves.c",399,46.867,46.867,46.867,46.867,46.867,46.867,46.867,46.867,46.867,46.867,46.867,46.867,46.867,46.867,46.867,46.867,46.867,46.867,46.867,46.867,46.867,46.867,+0.000
"md.c",393,21.120,21.120,21.120,39.695,39.695,21.120,21.120,21.120,21.120,21.120,21.120,21.120,21.120,44.275,44.275,21.120,21.120,21.120,21.120,21.120,21.120,21.120,+0.000
"cmac.c",385,0.000,0.000,0.000,0.000,0.000,0.000,0.000,0.000,0.000,0.000,0.000,0.000,0.000,0.000,0.000,0.000,0.000,0.000,0.000,0.000,0.000,0.000,+0.000
"dhm.c",354,15.254,15.254,15.254,15.254,15.254,15.254,15.254,15.254,15.254,15.254,15.254,15.254,15.254,15.254,15.254,15.254,15.254,15.254,14.407,15.254,15.254,15.254,+0.000
"ccm.c",353,0.000,0.000,0.000,62.323,0.000,0.000,0.000,0.000,0.000,0.000,0.000,0.000,0.000,72.238,72.238,0.000,0.000,0.000,0.000,0.000,0.000,0.000,+0.000
"ctr_drbg.c",352,57.670,57.670,57.670,57.670,57.670,57.670,57.670,57.670,57.670,57.670,57.670,57.670,57.670,57.670,57.670,57.670,57.670,57.670,57.670,57.670,57.670,57.670,+0.000
"des.c",341,0.000,0.000,0.000,0.000,0.000,0.000,0.000,0.000,0.000,0.000,0.000,0.000,0.000,0.000,0.000,0.000,0.000,0.000,0.000,0.000,0.000,0.000,+0.000
"aria.c",325,0.000,0.000,0.000,51.692,51.692,0.000,0.000,0.000,0.000,0.000,0.000,0.000,0.000,56.308,56.308,0.000,0.000,0.000,0.000,0.000,0.000,0.000,+0.000
"camellia.c",322,0.000,0.000,0.000,50.311,50.311,0.000,0.000,0.000,0.000,0.000,0.000,0.000,0.000,53.416,53.416,0.000,0.000,0.000,0.000,0.000,0.000,0.000,+0.000
"ssl_client.c",322,85.404,85.404,85.404,85.404,85.404,85.404,85.404,85.404,85.404,85.404,85.404,85.404,85.404,85.404,85.404,85.404,85.404,85.404,85.404,85.404,85.404,85.404,+0.000
"nist_kw.c",310,0.000,0.000,0.000,0.000,0.000,0.000,0.000,0.000,0.000,0.000,0.000,0.000,0.000,0.000,0.000,0.000,0.000,0.000,0.000,0.000,0.000,0.000,+0.000
"sha1.c",283,0.000,0.000,0.000,75.265,75.265,0.000,0.000,0.000,0.000,0.000,0.000,0.000,0.000,78.799,78.799,0.000,0.000,0.000,0.000,0.000,0.000,0.000,+0.000
"psa_crypto_rsa.c",282,0.000,0.000,0.000,0.000,0.000,0.000,0.000,0.000,0.000,0.000,0.000,0.000,0.000,0.000,0.000,0.000,0.000,0.000,0.000,0.000,0.000,0.000,+0.000
"ecdh.c",279,29.391,29.391,29.391,63.082,63.082,29.391,29.391,29.391,20.789,29.391,29.391,29.391,29.391,63.082,63.082,29.391,29.391,29.391,29.391,29.391,29.391,29.391,+0.000
"ecdsa.c",275,0.000,0.000,0.000,0.000,0.000,0.000,0.000,0.000,0.000,0.000,0.000,0.000,0.000,0.000,0.000,0.000,0.000,0.000,0.000,0.000,0.000,0.000,+0.000
"asn1write.c",272,0.000,0.000,0.000,0.000,0.000,0.000,0.000,0.000,0.000,0.000,0.000,0.000,0.000,0.000,0.000,0.000,0.000,0.000,0.000,0.000,0.000,0.000,+0.000
"hmac_drbg.c",268,0.000,0.000,0.000,0.000,0.000,0.000,0.000,0.000,0.000,0.000,0.000,0.000,0.000,0.000,0.000,0.000,0.000,0.000,0.000,0.000,0.000,0.000,+0.000
"sha512.c",268,67.910,67.910,67.910,72.761,72.761,67.910,67.910,67.910,67.910,67.910,67.910,67.910,67.910,72.761,72.761,67.910,67.910,67.910,67.910,67.910,67.910,67.910,+0.000
"+99 smaller files",7764,17.439,17.311,17.298,19.925,19.822,17.285,17.311,17.169,17.040,17.311,17.259,17.208,17.311,20.981,20.518,17.040,17.311,17.427,17.156,17.221,17.311,17.285,-0.026
