time_s,inputs,cumulative_edges
0.0,1,281
0.0,2,370
0.0,3,381
0.0,4,384
0.0,5,541
0.0,6,563
0.0,7,564
0.0,8,577
0.0,9,577
0.0,10,577
0.0,11,580
0.0,12,586
0.0,13,603
0.0,14,605
0.0,15,605
0.0,16,650
0.0,17,677
0.0,18,677
0.0,19,677
0.0,20,679
0.0,21,679
0.0,22,679
0.0,23,764
0.0,24,818
0.0,25,819
0.0,26,819
0.0,27,824
0.0,28,824
0.0,29,833
0.0,30,838
0.0,31,842
0.0,32,854
0.0,33,854
0.0,34,854
0.0,35,856
0.0,36,877
0.0,37,888
0.0,38,895
0.0,39,895
0.0,40,896
0.0,41,899
0.0,42,900
0.0,43,900
0.0,44,901
0.0,45,902
0.0,46,902
0.0,47,903
0.0,48,905
0.0,49,906
0.0,50,910
0.0,51,910
0.0,52,910
0.0,53,910
0.0,54,911
0.0,55,912
0.0,56,912
0.0,57,912
0.0,58,912
0.0,59,912
0.0,60,912
0.0,61,912
0.0,62,913
0.0,63,917
0.0,64,917
0.0,65,918
0.0,66,920
0.0,67,920
0.0,68,920
0.0,69,920
0.0,70,924
0.0,71,950
0.0,72,950
0.0,73,950
0.0,74,950
0.0,75,950
0.0,76,950
0.0,77,953
0.0,78,954
0.0,79,954
0.0,80,954
0.0,81,954
0.0,82,954
0.0,83,956
0.0,84,956
0.0,85,960
0.0,86,960
0.0,87,960
0.0,88,965
0.0,89,965
0.0,90,965
0.0,91,965
0.0,92,965
0.0,93,965
0.0,94,965
0.0,95,966
0.0,96,967
0.0,97,967
0.0,98,967
0.0,99,970
0.0,100,973
0.0,101,973
0.0,102,973
0.0,103,973
0.0,104,973
0.0,105,973
0.0,106,973
0.0,107,974
0.0,108,974
0.0,109,974
0.0,110,976
0.0,111,976
0.0,112,976
0.0,113,976
0.0,114,978
0.0,115,978
0.0,116,978
0.0,117,978
0.0,118,978
0.0,119,978
0.0,120,978
0.0,121,978
0.0,122,978
0.0,123,978
0.0,124,978
0.0,125,978
0.0,126,978
0.0,127,981
0.0,128,991
0.0,129,991
0.0,130,991
0.0,131,991
0.0,132,991
0.0,133,991
0.0,134,991
0.0,135,991
0.0,136,992
0.0,137,993
0.0,138,995
0.0,139,995
0.0,140,995
0.0,141,995
0.0,142,995
0.0,143,995
0.0,144,995
0.0,145,995
0.0,146,995
0.0,147,995
0.0,148,995
0.0,149,995
0.0,150,995
0.0,151,995
0.0,152,998
0.0,153,998
0.0,154,998
0.0,155,999
0.0,156,999
0.0,157,999
0.0,158,999
0.0,159,999
0.0,160,999
0.0,161,999
0.0,162,999
0.0,163,999
0.0,164,999
0.0,165,999
0.0,166,999
0.0,167,999
0.0,168,999
0.0,169,999
0.0,170,1001
0.0,171,1001
0.0,172,1001
0.0,173,1002
0.0,174,1004
0.0,175,1004
0.0,176,1004
0.0,177,1004
0.0,178,1004
0.0,179,1004
0.0,180,1004
0.0,181,1004
0.0,182,1004
0.0,183,1004
0.0,184,1004
0.0,185,1004
0.0,186,1004
0.0,187,1004
0.0,188,1005
0.0,189,1005
0.0,190,1005
0.0,191,1005
0.0,192,1014
0.0,193,1014
0.0,194,1014
0.0,195,1014
0.0,196,1014
0.0,197,1014
0.0,198,1014
0.0,199,1014
0.0,200,1014
0.0,201,1014
0.0,202,1014
0.0,203,1014
0.0,204,1014
0.0,205,1014
0.0,206,1015
0.0,207,1015
0.0,208,1016
0.0,209,1016
0.0,210,1016
0.0,211,1016
0.0,212,1016
0.0,213,1016
0.0,214,1016
0.0,215,1016
0.0,216,1016
0.0,217,1016
0.0,218,1016
0.0,219,1016
0.0,220,1016
0.0,221,1017
0.0,222,1017
0.0,223,1017
0.0,224,1017
0.0,225,1028
0.0,226,1028
0.0,227,1028
0.0,228,1028
0.0,229,1028
0.0,230,1028
0.0,231,1028
0.0,232,1028
0.0,233,1028
0.0,234,1028
0.0,235,1028
0.0,236,1028
0.0,237,1028
0.0,238,1028
0.0,239,1028
0.0,240,1028
0.0,241,1029
0.0,242,1029
0.0,243,1029
0.0,244,1029
0.0,245,1029
0.0,246,1033
0.0,247,1033
0.0,248,1033
0.0,249,1033
0.0,250,1033
0.0,251,1034
0.0,252,1034
0.0,253,1034
0.0,254,1034
0.0,255,1034
0.0,256,1034
0.0,257,1034
0.0,258,1039
0.0,259,1039
0.0,260,1039
0.0,261,1039
0.0,262,1039
0.0,263,1039
0.0,264,1040
0.0,265,1041
0.0,266,1041
0.0,267,1041
0.0,268,1041
0.0,269,1041
0.0,270,1041
0.0,271,1041
0.0,272,1041
0.0,273,1041
0.0,274,1041
0.0,275,1043
0.0,276,1053
0.0,277,1053
0.0,278,1054
0.0,279,1054
0.0,280,1055
0.0,281,1055
0.0,282,1055
0.0,283,1055
0.0,284,1055
0.0,285,1055
0.0,286,1055
0.0,287,1055
0.0,288,1055
0.0,289,1055
0.0,290,1055
0.0,291,1055
0.0,292,1055
0.0,293,1055
0.0,294,1055
0.0,295,1056
0.0,296,1056
0.0,297,1056
0.0,298,1056
0.0,299,1056
0.0,300,1056
0.0,301,1056
0.0,302,1056
0.0,303,1056
0.0,304,1056
0.0,305,1056
0.0,306,1056
0.0,307,1056
0.0,308,1056
0.0,309,1056
0.0,310,1056
0.0,311,1056
0.0,312,1056
0.0,313,1056
0.0,314,1056
0.0,315,1056
0.0,316,1056
0.0,317,1056
0.0,318,1056
0.0,319,1056
0.0,320,1056
0.0,321,1056
0.0,322,1056
0.0,323,1056
0.0,324,1056
0.0,325,1056
0.0,326,1056
0.0,327,1056
0.0,328,1056
0.0,329,1056
0.0,330,1056
0.0,331,1056
0.0,332,1056
0.0,333,1056
0.0,334,1056
0.0,335,1056
0.0,336,1056
0.0,337,1056
0.0,338,1056
0.0,339,1056
0.0,340,1056
0.0,341,1056
0.0,342,1056
0.0,343,1056
0.0,344,1056
0.0,345,1056
0.0,346,1056
0.0,347,1056
0.0,348,1056
0.0,349,1056
0.0,350,1056
0.0,351,1056
0.0,352,1056
0.0,353,1056
0.0,354,1056
0.0,355,1056
0.0,356,1056
0.0,357,1056
0.0,358,1056
0.0,359,1056
0.0,360,1056
0.0,361,1056
0.0,362,1056
0.0,363,1056
0.0,364,1056
0.0,365,1056
0.0,366,1057
0.0,367,1057
0.0,368,1057
0.0,369,1057
0.0,370,1057
0.0,371,1057
0.0,372,1057
0.0,373,1057
0.0,374,1057
0.0,375,1057
0.0,376,1057
0.0,377,1057
0.0,378,1057
0.0,379,1057
0.0,380,1057
0.0,381,1057
0.0,382,1057
0.0,383,1057
0.0,384,1057
0.0,385,1057
0.0,386,1057
0.0,387,1057
0.0,388,1057
0.0,389,1057
0.0,390,1057
0.0,391,1057
0.0,392,1057
0.0,393,1057
0.0,394,1057
0.0,395,1057
0.0,396,1057
0.0,397,1057
0.0,398,1057
0.0,399,1057
0.0,400,1057
0.0,401,1064
0.0,402,1064
0.0,403,1065
0.0,404,1065
0.0,405,1065
0.0,406,1065
0.0,407,1065
0.0,408,1065
0.0,409,1065
0.0,410,1065
0.0,411,1065
0.0,412,1065
0.0,413,1065
0.0,414,1065
0.0,415,1065
0.0,416,1065
0.0,417,1065
0.0,418,1065
0.0,419,1065
0.0,420,1065
0.0,421,1065
0.0,422,1065
0.0,423,1065
0.0,424,1065
0.0,425,1065
0.0,426,1065
0.0,427,1065
0.0,428,1065
0.0,429,1068
0.0,430,1068
0.0,431,1068
0.0,432,1068
0.0,433,1076
0.0,434,1076
0.0,435,1076
0.0,436,1076
0.0,437,1076
0.0,438,1076
0.0,439,1076
0.0,440,1076
0.0,441,1076
0.0,442,1076
0.0,443,1076
0.0,444,1076
0.0,445,1076
0.0,446,1076
0.0,447,1076
0.0,448,1076
0.0,449,1076
0.0,450,1076
0.0,451,1076
0.0,452,1077
0.0,453,1077
0.0,454,1077
0.0,455,1077
0.0,456,1077
0.0,457,1077
0.0,458,1077
0.0,459,1077
0.0,460,1077
0.0,461,1077
0.0,462,1077
0.0,463,1077
0.0,464,1077
0.0,465,1077
0.0,466,1080
0.0,467,1080
0.0,468,1080
0.0,469,1084
0.0,470,1084
0.0,471,1084
0.0,472,1084
0.0,473,1084
0.0,474,1084
0.0,475,1084
0.0,476,1091
0.0,477,1091
0.0,478,1091
0.0,479,1091
0.0,480,1091
0.0,481,1091
0.0,482,1091
0.0,483,1091
0.0,484,1091
0.0,485,1091
0.0,486,1091
0.0,487,1091
0.0,488,1091
0.0,489,1091
0.0,490,1092
0.0,491,1092
0.0,492,1092
0.0,493,1092
0.0,494,1092
0.0,495,1092
0.0,496,1092
0.0,497,1092
0.0,498,1092
0.0,499,1092
0.0,500,1092
0.0,501,1092
0.0,502,1092
0.0,503,1092
0.0,504,1092
0.0,505,1092
0.0,506,1092
0.0,507,1092
0.0,508,1092
0.0,509,1092
0.0,510,1093
0.0,511,1093
0.0,512,1093
0.0,513,1093
0.0,514,1093
0.0,515,1093
0.0,516,1093
0.0,517,1093
0.0,518,1093
0.0,519,1093
0.0,520,1093
0.0,521,1093
0.0,522,1093
0.0,523,1093
0.0,524,1093
0.0,525,1093
0.0,526,1093
0.0,527,1093
0.0,528,1093
0.0,529,1093
0.0,530,1093
0.0,531,1093
0.0,532,1093
0.0,533,1093
0.0,534,1093
0.0,535,1093
0.0,536,1093
0.0,537,1093
0.0,538,1093
0.0,539,1093
0.0,540,1093
0.0,541,1093
0.0,542,1093
0.0,543,1093
0.0,544,1093
0.0,545,1093
0.0,546,1093
0.0,547,1093
0.0,548,1093
0.0,549,1093
0.0,550,1093
0.0,551,1094
0.0,552,1094
0.0,553,1094
0.0,554,1094
0.0,555,1094
0.0,556,1094
0.0,557,1094
0.0,558,1095
0.0,559,1095
0.0,560,1095
0.0,561,1095
0.0,562,1096
0.0,563,1096
0.0,564,1096
0.0,565,1096
0.0,566,1096
0.0,567,1096
0.0,568,1096
0.0,569,1096
0.0,570,1096
0.0,571,1097
0.0,572,1097
0.0,573,1097
0.0,574,1097
0.0,575,1097
0.0,576,1097
0.0,577,1097
0.0,578,1097
0.0,579,1097
0.0,580,1097
0.0,581,1097
0.0,582,1097
0.0,583,1097
0.0,584,1097
0.0,585,1097
0.0,586,1097
0.0,587,1097
0.0,588,1097
0.0,589,1098
0.0,590,1099
0.0,591,1099
0.0,592,1099
0.0,593,1099
0.0,594,1099
0.0,595,1099
0.0,596,1099
0.0,597,1099
0.0,598,1099
0.0,599,1099
0.0,600,1099
0.0,601,1099
0.0,602,1099
0.0,603,1099
0.0,604,1099
0.0,605,1099
0.0,606,1099
0.0,607,1099
0.0,608,1099
0.0,609,1099
0.0,610,1099
0.0,611,1099
0.0,612,1099
0.0,613,1100
0.0,614,1100
0.0,615,1100
0.0,616,1100
0.0,617,1100
0.0,618,1100
0.0,619,1100
0.0,620,1100
0.0,621,1100
0.0,622,1100
0.0,623,1100
0.0,624,1100
0.0,625,1100
0.0,626,1100
0.0,627,1100
0.0,628,1100
0.0,629,1100
0.0,630,1100
0.0,631,1100
0.0,632,1100
0.0,633,1100
0.0,634,1100
0.0,635,1100
0.0,636,1101
0.0,637,1101
0.0,638,1101
0.0,639,1101
0.0,640,1101
0.0,641,1101
0.0,642,1101
0.0,643,1101
0.0,644,1101
0.0,645,1105
0.0,646,1105
0.0,647,1105
0.0,648,1105
0.0,649,1105
0.0,650,1105
0.0,651,1105
0.0,652,1105
0.0,653,1105
0.0,654,1105
0.0,655,1105
0.0,656,1105
0.0,657,1105
0.0,658,1105
0.0,659,1105
0.0,660,1105
0.0,661,1105
0.0,662,1105
0.0,663,1105
0.0,664,1105
0.0,665,1105
0.0,666,1105
0.0,667,1105
0.0,668,1106
0.0,669,1106
0.0,670,1106
0.0,671,1108
0.0,672,1108
0.0,673,1108
0.0,674,1108
0.0,675,1108
0.0,676,1108
0.0,677,1109
0.0,678,1109
0.0,679,1109
0.0,680,1109
0.0,681,1109
0.0,682,1110
0.0,683,1110
0.0,684,1110
0.0,685,1110
0.0,686,1110
0.0,687,1110
0.0,688,1110
0.0,689,1110
0.0,690,1110
0.0,691,1110
0.0,692,1110
0.0,693,1110
0.0,694,1110
0.0,695,1110
0.0,696,1110
0.0,697,1110
0.0,698,1110
0.0,699,1110
0.0,700,1110
0.0,701,1110
0.0,702,1110
0.0,703,1110
0.0,704,1110
0.0,705,1110
0.0,706,1110
0.0,707,1110
0.0,708,1110
0.0,709,1110
0.0,710,1110
0.0,711,1110
0.0,712,1110
0.0,713,1110
0.0,714,1110
0.0,715,1110
0.0,716,1110
0.0,717,1110
0.0,718,1110
0.0,719,1110
0.0,720,1110
0.0,721,1112
0.0,722,1112
0.0,723,1112
0.0,724,1112
0.0,725,1112
0.0,726,1112
0.0,727,1112
0.0,728,1112
0.0,729,1112
0.0,730,1112
0.0,731,1112
0.0,732,1112
0.0,733,1112
0.0,734,1112
0.0,735,1114
0.0,736,1114
0.0,737,1114
0.0,738,1114
0.0,739,1114
0.0,740,1114
0.0,741,1114
0.0,742,1114
0.0,743,1114
0.0,744,1114
0.0,745,1114
0.0,746,1114
0.0,747,1114
0.0,748,1114
0.0,749,1114
0.0,750,1114
0.0,751,1114
0.0,752,1114
0.0,753,1114
0.0,754,1114
0.0,755,1114
0.0,756,1114
0.0,757,1114
0.0,758,1114
0.0,759,1114
0.0,760,1114
0.0,761,1114
0.0,762,1114
0.0,763,1114
0.0,764,1114
0.0,765,1114
0.0,766,1114
0.0,767,1114
0.0,768,1114
0.0,769,1114
0.0,770,1114
0.0,771,1115
0.0,772,1115
0.0,773,1115
0.0,774,1115
0.0,775,1115
0.0,776,1115
0.0,777,1115
0.0,778,1116
0.0,779,1116
0.0,780,1116
0.0,781,1116
0.0,782,1116
0.0,783,1116
0.0,784,1116
0.0,785,1116
0.0,786,1116
0.0,787,1116
0.0,788,1117
0.0,789,1117
0.0,790,1117
0.0,791,1117
0.0,792,1117
0.0,793,1117
0.0,794,1117
0.0,795,1117
0.0,796,1117
0.0,797,1119
0.0,798,1119
0.0,799,1119
0.0,800,1120
0.0,801,1120
0.0,802,1120
0.0,803,1120
0.0,804,1120
0.0,805,1120
0.0,806,1120
0.0,807,1120
0.0,808,1120
0.0,809,1120
0.0,810,1120
0.0,811,1120
0.0,812,1120
0.0,813,1120
0.0,814,1120
0.0,815,1120
0.0,816,1120
0.0,817,1120
0.0,818,1121
0.0,819,1121
0.0,820,1121
0.0,821,1121
0.0,822,1121
0.0,823,1121
0.0,824,1121
0.0,825,1121
0.0,826,1121
0.0,827,1122
0.0,828,1122
0.0,829,1122
0.0,830,1122
0.0,831,1122
0.0,832,1122
0.0,833,1122
0.0,834,1122
0.0,835,1122
0.0,836,1122
0.0,837,1122
0.0,838,1122
0.0,839,1122
0.0,840,1122
0.0,841,1122
0.0,842,1122
0.0,843,1122
0.0,844,1122
0.0,845,1122
0.0,846,1122
0.0,847,1122
0.0,848,1122
0.0,849,1122
0.0,850,1122
0.0,851,1122
0.0,852,1122
0.0,853,1122
0.0,854,1122
0.0,855,1122
0.0,856,1122
0.0,857,1122
0.0,858,1122
0.0,859,1122
0.0,860,1122
0.0,861,1122
0.0,862,1122
0.0,863,1122
0.0,864,1122
0.0,865,1122
0.0,866,1122
0.0,867,1122
0.0,868,1122
0.0,869,1122
0.0,870,1122
0.0,871,1122
0.0,872,1122
0.0,873,1122
0.0,874,1122
0.0,875,1122
0.0,876,1122
0.0,877,1122
0.0,878,1122
0.0,879,1122
0.0,880,1122
0.0,881,1122
0.0,882,1122
0.0,883,1122
0.0,884,1122
0.0,885,1122
0.0,886,1122
0.0,887,1122
0.0,888,1122
0.0,889,1122
0.0,890,1122
0.0,891,1122
0.0,892,1122
0.0,893,1122
0.0,894,1122
0.0,895,1122
0.0,896,1122
0.0,897,1122
0.0,898,1122
0.0,899,1122
0.0,900,1122
0.0,901,1122
0.0,902,1122
0.0,903,1123
0.0,904,1123
0.0,905,1123
0.0,906,1123
0.0,907,1123
0.0,908,1123
0.0,909,1123
0.0,910,1123
0.0,911,1123
0.0,912,1123
0.0,913,1123
0.0,914,1123
0.0,915,1123
0.0,916,1123
0.0,917,1123
0.0,918,1123
0.0,919,1123
0.0,920,1123
0.0,921,1123
0.0,922,1123
0.0,923,1123
0.0,924,1123
0.0,925,1123
0.0,926,1123
0.0,927,1123
0.0,928,1123
0.0,929,1123
0.0,930,1123
0.0,931,1123
0.0,932,1123
0.0,933,1123
0.0,934,1123
0.0,935,1123
0.0,936,1123
0.0,937,1123
0.0,938,1123
0.0,939,1123
0.0,940,1123
0.0,941,1123
0.0,942,1123
0.0,943,1123
0.0,944,1123
0.0,945,1123
0.0,946,1123
0.0,947,1123
0.0,948,1124
0.0,949,1124
0.0,950,1124
0.0,951,1124
0.0,952,1124
0.0,953,1124
0.0,954,1124
0.0,955,1124
0.0,956,1124
0.0,957,1124
0.0,958,1124
0.0,959,1124
0.0,960,1124
0.0,961,1124
0.0,962,1124
0.0,963,1124
0.0,964,1124
0.0,965,1124
0.0,966,1124
0.0,967,1124
0.0,968,1124
0.0,969,1124
0.0,970,1124
0.0,971,1124
0.0,972,1124
0.0,973,1124
0.0,974,1127
0.0,975,1127
0.0,976,1127
0.0,977,1127
0.0,978,1127
0.0,979,1128
0.0,980,1128
0.0,981,1128
0.0,982,1128
0.0,983,1128
0.0,984,1128
0.0,985,1128
0.0,986,1128
0.0,987,1128
0.0,988,1128
0.0,989,1128
0.0,990,1128
0.0,991,1128
0.0,992,1128
0.0,993,1128
0.0,994,1129
0.0,995,1129
0.0,996,1129
0.0,997,1129
0.0,998,1129
0.0,999,1129
0.0,1000,1129
0.0,1001,1129
0.0,1002,1129
0.0,1003,1129
0.0,1004,1129
0.0,1005,1129
0.0,1006,1129
0.0,1007,1129
0.0,1008,1129
0.0,1009,1129
0.0,1010,1129
0.0,1011,1129
0.0,1012,1129
0.0,1013,1129
0.0,1014,1129
0.0,1015,1129
0.0,1016,1129
0.0,1017,1129
0.0,1018,1129
0.0,1019,1129
0.0,1020,1129
0.0,1021,1129
0.0,1022,1129
0.0,1023,1129
0.0,1024,1130
0.0,1025,1130
0.0,1026,1131
0.0,1027,1131
0.0,1028,1131
0.0,1029,1131
0.0,1030,1131
0.0,1031,1131
0.0,1032,1131
0.0,1033,1131
0.0,1034,1131
0.0,1035,1131
0.0,1036,1131
0.0,1037,1131
0.0,1038,1131
0.0,1039,1131
0.0,1040,1131
0.0,1041,1131
0.0,1042,1131
0.0,1043,1131
0.0,1044,1131
0.0,1045,1131
0.0,1046,1131
0.0,1047,1131
0.0,1048,1131
0.0,1049,1131
0.0,1050,1131
0.0,1051,1131
0.0,1052,1132
0.0,1053,1132
0.0,1054,1132
0.0,1055,1132
0.0,1056,1132
0.0,1057,1132
0.0,1058,1132
0.0,1059,1132
0.0,1060,1132
0.0,1061,1132
0.0,1062,1132
0.0,1063,1132
0.0,1064,1132
0.0,1065,1132
0.0,1066,1132
0.0,1067,1132
0.0,1068,1132
0.0,1069,1132
0.0,1070,1132
0.0,1071,1132
0.0,1072,1132
0.0,1073,1132
0.0,1074,1132
0.0,1075,1132
0.0,1076,1132
0.0,1077,1132
0.0,1078,1132
0.0,1079,1132
0.0,1080,1132
0.0,1081,1132
0.0,1082,1132
0.0,1083,1132
0.0,1084,1132
0.0,1085,1132
0.0,1086,1132
0.0,1087,1132
0.0,1088,1132
0.0,1089,1132
0.0,1090,1132
0.0,1091,1132
0.0,1092,1132
0.0,1093,1132
0.0,1094,1132
0.0,1095,1134
0.0,1096,1134
0.0,1097,1134
0.0,1098,1134
0.0,1099,1134
0.0,1100,1134
0.0,1101,1134
0.0,1102,1134
0.0,1103,1135
0.0,1104,1135
0.0,1105,1135
0.0,1106,1135
0.0,1107,1135
0.0,1108,1135
0.0,1109,1135
0.0,1110,1135
0.0,1111,1135
0.0,1112,1135
0.0,1113,1135
0.0,1114,1135
0.0,1115,1135
0.0,1116,1135
0.0,1117,1135
0.0,1118,1135
0.0,1119,1135
0.0,1120,1135
0.0,1121,1135
0.0,1122,1135
0.0,1123,1135
0.0,1124,1135
0.0,1125,1135
0.0,1126,1135
0.0,1127,1135
0.0,1128,1135
0.0,1129,1135
0.0,1130,1135
0.0,1131,1135
0.0,1132,1135
0.0,1133,1135
0.0,1134,1135
0.0,1135,1135
0.0,1136,1135
0.0,1137,1135
0.0,1138,1135
0.0,1139,1135
0.0,1140,1135
0.0,1141,1135
0.0,1142,1135
0.0,1143,1135
0.0,1144,1135
0.0,1145,1135
0.0,1146,1135
0.0,1147,1135
0.0,1148,1135
0.0,1149,1135
0.0,1150,1135
0.0,1151,1135
0.0,1152,1135
0.0,1153,1135
0.0,1154,1135
0.0,1155,1135
0.0,1156,1137
0.0,1157,1137
0.0,1158,1137
0.0,1159,1137
0.0,1160,1137
0.0,1161,1137
0.0,1162,1137
0.0,1163,1137
0.0,1164,1137
0.0,1165,1137
0.0,1166,1137
0.0,1167,1137
0.0,1168,1137
0.0,1169,1137
0.0,1170,1137
0.0,1171,1137
0.0,1172,1137
0.0,1173,1137
0.0,1174,1137
0.0,1175,1137
0.0,1176,1137
0.0,1177,1137
0.0,1178,1137
0.0,1179,1137
0.0,1180,1137
0.0,1181,1137
0.0,1182,1137
0.0,1183,1137
0.0,1184,1137
0.0,1185,1138
0.0,1186,1138
0.0,1187,1138
0.0,1188,1138
0.0,1189,1138
0.0,1190,1138
0.0,1191,1138
0.0,1192,1138
0.0,1193,1138
0.0,1194,1139
0.0,1195,1139
0.0,1196,1139
0.0,1197,1139
0.0,1198,1139
0.0,1199,1139
0.0,1200,1139
0.0,1201,1139
0.0,1202,1139
0.0,1203,1139
0.0,1204,1139
0.0,1205,1139
0.0,1206,1139
0.0,1207,1139
0.0,1208,1139
0.0,1209,1139
0.0,1210,1139
0.0,1211,1139
0.0,1212,1139
0.0,1213,1139
0.0,1214,1139
0.0,1215,1140
0.0,1216,1140
0.0,1217,1140
0.0,1218,1140
0.0,1219,1140
0.0,1220,1140
0.0,1221,1140
0.0,1222,1140
0.0,1223,1140
0.0,1224,1140
0.0,1225,1140
0.0,1226,1140
0.0,1227,1140
0.0,1228,1140
0.0,1229,1140
0.0,1230,1140
0.0,1231,1140
0.0,1232,1140
0.0,1233,1140
0.0,1234,1140
0.0,1235,1140
0.0,1236,1141
0.0,1237,1141
0.0,1238,1141
0.0,1239,1141
0.0,1240,1141
0.0,1241,1141
0.0,1242,1141
0.0,1243,1141
0.0,1244,1141
0.0,1245,1141
0.0,1246,1141
0.0,1247,1141
0.0,1248,1141
0.0,1249,1141
0.0,1250,1141
0.0,1251,1141
0.0,1252,1141
0.0,1253,1141
0.0,1254,1141
0.0,1255,1141
0.0,1256,1141
0.0,1257,1141
0.0,1258,1141
0.0,1259,1141
0.0,1260,1141
0.0,1261,1141
0.0,1262,1141
0.0,1263,1141
0.0,1264,1141
0.0,1265,1141
0.0,1266,1141
0.0,1267,1142
0.0,1268,1142
0.0,1269,1142
0.0,1270,1142
0.0,1271,1142
0.0,1272,1142
0.0,1273,1142
0.0,1274,1142
0.0,1275,1142
0.0,1276,1142
0.0,1277,1142
0.0,1278,1142
0.0,1279,1142
0.0,1280,1142
0.0,1281,1142
0.0,1282,1142
0.0,1283,1142
0.0,1284,1142
0.0,1285,1142
0.0,1286,1142
0.0,1287,1142
0.0,1288,1142
0.0,1289,1142
0.0,1290,1142
0.0,1291,1142
0.0,1292,1142
0.0,1293,1142
0.0,1294,1142
0.0,1295,1142
0.0,1296,1142
0.0,1297,1142
0.0,1298,1142
0.0,1299,1142
0.0,1300,1142
0.0,1301,1142
0.0,1302,1142
0.0,1303,1143
0.0,1304,1143
0.0,1305,1143
0.0,1306,1143
0.0,1307,1144
0.0,1308,1144
0.0,1309,1144
0.0,1310,1144
0.0,1311,1144
0.0,1312,1144
0.0,1313,1144
0.0,1314,1144
0.0,1315,1144
0.0,1316,1144
0.0,1317,1144
0.0,1318,1144
0.0,1319,1144
0.0,1320,1144
0.0,1321,1144
0.0,1322,1144
0.0,1323,1144
0.0,1324,1144
0.0,1325,1144
0.0,1326,1144
0.0,1327,1144
0.0,1328,1144
0.0,1329,1144
0.0,1330,1144
0.0,1331,1144
0.0,1332,1144
0.0,1333,1144
0.0,1334,1144
0.0,1335,1144
0.0,1336,1144
0.0,1337,1144
0.0,1338,1144
0.0,1339,1144
0.0,1340,1144
0.0,1341,1144
0.0,1342,1144
0.0,1343,1144
0.0,1344,1144
0.0,1345,1144
0.0,1346,1144
0.0,1347,1144
0.0,1348,1144
0.0,1349,1144
0.0,1350,1144
0.0,1351,1144
0.0,1352,1144
0.0,1353,1144
0.0,1354,1144
0.0,1355,1144
0.0,1356,1144
0.0,1357,1144
0.0,1358,1144
0.0,1359,1144
0.0,1360,1144
0.0,1361,1144
0.0,1362,1144
0.0,1363,1144
0.0,1364,1144
0.0,1365,1144
0.0,1366,1144
0.0,1367,1144
0.0,1368,1144
0.0,1369,1144
0.0,1370,1144
0.0,1371,1144
0.0,1372,1144
0.0,1373,1144
0.0,1374,1144
0.0,1375,1144
0.0,1376,1144
0.0,1377,1144
0.0,1378,1144
0.0,1379,1144
0.0,1380,1145
0.008,1381,1145
0.107,1382,1146
0.12,1383,1146
0.12,1384,1146
0.12,1385,1146
0.121,1386,1146
1.141,1387,1147
1.512,1388,1148
2.397,1389,1148
3.23,1390,1148
3.448,1391,1149
3.452,1392,1149
3.454,1393,1149
3.597,1394,1149
6.881,1395,1149
7.228,1396,1149
7.257,1397,1149
7.264,1398,1149
7.325,1399,1149
7.377,1400,1149
7.387,1401,1149
12.965,1402,1149
12.972,1403,1149
20.314,1404,1152
21.572,1405,1154
27.243,1406,1154
34.208,1407,1154
34.292,1408,1154
35.783,1409,1154
37.491,1410,1154
40.412,1411,1154
43.012,1412,1154
44.948,1413,1154
46.521,1414,1154
55.558,1415,1154
55.592,1416,1154
107.265,1417,1154
108.902,1418,1155
111.935,1419,1155
114.374,1420,1155
136.232,1421,1155
175.586,1422,1155
176.524,1423,1155
181.328,1424,1155
181.34,1425,1155
181.379,1426,1155
181.467,1427,1155
181.685,1428,1155
181.778,1429,1155
184.811,1430,1155
184.827,1431,1155
184.837,1432,1155
213.905,1433,1157
213.914,1434,1157
213.924,1435,1157
213.933,1436,1157
214.411,1437,1157
214.42,1438,1157
214.431,1439,1157
214.459,1440,1157
214.476,1441,1157
214.546,1442,1157
214.731,1443,1157
215.435,1444,1157
237.181,1445,1166
237.256,1446,1167
237.633,1447,1167
240.879,1448,1167
251.482,1449,1167
251.781,1450,1167
277.457,1451,1169
279.407,1452,1170
313.084,1453,1170
314.419,1454,1170
316.329,1455,1170
318.282,1456,1170
318.546,1457,1170
360.424,1458,1170
423.325,1459,1170
423.361,1460,1170
455.831,1461,1170
558.907,1462,1170
598.584,1463,1170
598.587,1464,1170
598.59,1465,1170
598.594,1466,1171
599.246,1467,1171
600.321,1468,1174
600.542,1469,1175
602.898,1470,1175
605.136,1471,1176
606.698,1472,1176
608.144,1473,1176
608.597,1474,1176
609.069,1475,1176
609.093,1476,1176
614.948,1477,1176
615.287,1478,1178
617.439,1479,1178
631.249,1480,1179
633.983,1481,1180
656.765,1482,1180
676.315,1483,1180
678.807,1484,1180
687.892,1485,1180
687.901,1486,1180
689.195,1487,1180
689.199,1488,1180
696.838,1489,1180
697.159,1490,1180
723.771,1491,1180
729.703,1492,1180
746.382,1493,1180
746.391,1494,1180
747.3,1495,1180
747.385,1496,1180
750.779,1497,1180
750.854,1498,1180
765.093,1499,1180
775.988,1500,1180
781.937,1501,1180
789.187,1502,1180
795.511,1503,1180
819.643,1504,1180
826.119,1505,1180
830.593,1506,1180
848.549,1507,1180
848.598,1508,1180
868.914,1509,1180
897.89,1510,1180
900.65,1511,1180
900.653,1512,1180
900.783,1513,1180
902.81,1514,1180
903.326,1515,1180
911.369,1516,1180
949.172,1517,1180
1007.794,1518,1180
1085.219,1519,1180
1087.135,1520,1181
1114.56,1521,1183
1159.721,1522,1183
1160.374,1523,1183
1217.477,1524,1183
1224.313,1525,1183
1224.32,1526,1183
1321.772,1527,1183
1437.772,1528,1183
1528.164,1529,1183
1856.726,1530,1187
1903.709,1531,1189
2041.148,1532,1189
2356.63,1533,1189
2477.456,1534,1189
2508.64,1535,1191
2567.713,1536,1191
2902.544,1537,1191
3081.578,1538,1191
3589.304,1539,1191
3595.321,1540,1191
4037.529,1541,1191
4484.747,1542,1191
4850.776,1543,1191
7535.02,1544,1191
9246.809,1545,1191
10382.732,1546,1191
14781.152,1547,1191
14840.831,1548,1191
22526.59,1549,1192
27363.568,1550,1192
29032.177,1551,1192
53329.576,1552,1192
